profile,profile_url,kind,media_type,timestamp_utc,url,shortCode,likes,comments,views,caption
kaskadclinica,https://www.instagram.com/kaskadclinica/,post,Sidecar,2026-01-19T08:09:34+00:00,https://www.instagram.com/p/DTr16AQCEHq/,DTr16AQCEHq,54,0,,"–ó–Ω–∞–∫–æ–º—å—Ç–µ—Å—å: –ü—Ä–æ—Ö–æ—Ä–æ–≤ –ê–ª–µ–∫—Å–∞–Ω–¥—Ä –í–∏–∫—Ç–æ—Ä–æ–≤–∏—á, –æ–Ω–∫–æ–ª–æ–≥-—Ö–∏—Ä—É—Ä–≥ –ö–ª–∏–Ω–∏–∫–∏ –ö–∞—Å–∫–∞–¥ üë®‚Äç‚öïÔ∏è

‚ûî –î–æ–∫—Ç–æ—Ä –º–µ–¥–∏—Ü–∏–Ω—Å–∫–∏—Ö –Ω–∞—É–∫, –ø—Ä–æ—Ñ–µ—Å—Å–æ—Ä –∫–∞—Ñ–µ–¥—Ä—ã –æ–Ω–∫–æ–ª–æ–≥–∏–∏ –ë–ì–ú–£
‚ûî –í—Ä–∞—á –≤—ã—Å—à–µ–π –∫–≤–∞–ª–∏—Ñ–∏–∫–∞—Ü–∏–æ–Ω–Ω–æ–π –∫–∞—Ç–µ–≥–æ—Ä–∏–∏ 
‚ûî –ù–∞—É—á–Ω–æ-–ø—Ä–∞–∫—Ç–∏—á–µ—Å–∫–∏–π –∏–Ω—Ç–µ—Ä–µ—Å: –∏–º–º—É–Ω–æ—Ç–µ—Ä–∞–ø–∏—è –∑–ª–æ–∫–∞—á–µ—Å—Ç–≤–µ–Ω–Ω—ã—Ö –æ–ø—É—Ö–æ–ª–µ–π, –æ–Ω–∫–æ—Ö–∏—Ä—É—Ä–≥–∏—è –∂–µ–ª—É–¥–∫–∞ –∏ –∫–∏—à–µ—á–Ω–∏–∫–∞, –æ–ø—É—Ö–æ–ª–∏ –ø–æ–¥–∂–µ–ª—É–¥–æ—á–Ω–æ–π –∂–µ–ª–µ–∑—ã, –ø–µ—á–µ–Ω–∏

–ê–ª–µ–∫—Å–∞–Ω–¥—Ä –í–∏–∫—Ç–æ—Ä–æ–≤–∏—á –Ω–µ —Ç–æ–ª—å–∫–æ –ª–µ—á–∏—Ç, –Ω–æ –∏ –ø—Ä–æ–≤–æ–¥–∏—Ç –∏—Å—Å–ª–µ–¥–æ–≤–∞–Ω–∏—è, –ø—É–±–ª–∏–∫—É–µ—Ç –Ω–∞—É—á–Ω—ã–µ —Ä–∞–±–æ—Ç—ã, –∏—â–µ—Ç –Ω–æ–≤—ã–µ –º–µ—Ç–æ–¥—ã –¥–∏–∞–≥–Ω–æ—Å—Ç–∏–∫–∏ –∏ –ª–µ—á–µ–Ω–∏—è, –æ–ø–∏—Ä–∞—è—Å—å –Ω–∞ –¥–æ–∫–∞–∑–∞—Ç–µ–ª—å–Ω—É—é –º–µ–¥–∏—Ü–∏–Ω—É ‚öïÔ∏è 

–ó–∞–ø–∏—à–∏—Ç–µ—Å—å –∫ –Ω–µ–º—É –Ω–∞ –∫–æ–Ω—Å—É–ª—å—Ç–∞—Ü–∏—é, —á—Ç–æ–±—ã –ø–æ–ª—É—á–∏—Ç—å —ç–∫—Å–ø–µ—Ä—Ç–Ω–æ–µ –º–Ω–µ–Ω–∏–µ –≤—Ä–∞—á–∞-—É—á–µ–Ω–æ–≥–æ, —á–µ—Ä–µ–∑ —Å–æ–æ–±—â–µ–Ω–∏—è –≤ –î–∏—Ä–µ–∫—Ç –∏–ª–∏ –æ–Ω–ª–∞–π–Ω –Ω–∞ –Ω–∞—à–µ–º —Å–∞–π—Ç–µ. 

üìç —É–ª. –ö–∞–ª—å–≤–∞—Ä–∏–π—Å–∫–∞—è, 40 (—Å—Ç.–º. ¬´–ú–æ–ª–æ–¥–µ–∂–Ω–∞—è¬ª)
üìû –∫–æ—Ä–æ—Ç–∫–∏–π –Ω–æ–º–µ—Ä 480"
kaskadclinica,https://www.instagram.com/kaskadclinica/,post,Video,2026-01-16T07:54:04+00:00,https://www.instagram.com/p/DTkFpanCO1q/,DTkFpanCO1q,20,0,476,"–í—Ä–µ–º—è –¥–∞—Ä–∏—Ç—å –∑–∞–±–æ—Ç—É —Å–≤–æ–µ–º—É —Ç–µ–ª—É! ‚ú®

–°–ø–µ—Ü–∏–∞–ª–∏—Å—Ç—ã –ö–ª–∏–Ω–∏–∫–∏ –ö–∞—Å–∫–∞–¥ –ø–æ–º–æ–≥–∞—é—Ç –Ω–µ —Ç–æ–ª—å–∫–æ —á—É–≤—Å—Ç–≤–æ–≤–∞—Ç—å —Å–µ–±—è –ª—É—á—à–µ, –Ω–æ –∏ –∏ –≤—ã–≥–ª—è–¥–µ—Ç—å –±–µ–∑—É–ø—Ä–µ—á–Ω–æ. –î–ª—è —ç—Ç–æ–≥–æ —É –Ω–∞—Å –µ—Å—Ç—å –¥–≤–∞ –º–æ—â–Ω—ã—Ö –∏–Ω—Å—Ç—Ä—É–º–µ–Ω—Ç–∞: 

üíÜ –ª–µ—á–µ–±–Ω—ã–π –º–∞—Å—Å–∞–∂ ‚Äî –¥–∞—Ä–∏—Ç –æ—â—É—â–µ–Ω–∏–µ –∫–æ–º—Ñ–æ—Ä—Ç–∞, –ø–æ–º–æ–≥–∞–µ—Ç —Å–Ω—è—Ç—å –±–æ–ª–∏, –≤–æ—Å—Å—Ç–∞–Ω–æ–≤–∏—Ç—å —Ç–æ–Ω—É—Å, –ø–æ–±–æ—Ä–æ—Ç—å –±–µ—Å—Å–æ–Ω–Ω–∏—Ü—É –∏ —É—Å—Ç–∞–ª–æ—Å—Ç—å;
üçë –∞–Ω—Ç–∏—Ü–µ–ª–ª—é–ª–∏—Ç–Ω—ã–π –º–∞—Å—Å–∞–∂ ‚Äî –¥–µ–ª–∞–µ—Ç –∫–æ–∂—É –±–æ–ª–µ–µ —É–ø—Ä—É–≥–æ–π –∏ —ç–ª–∞—Å—Ç–∏—á–Ω–æ–π, –ø–æ–º–æ–≥–∞–µ—Ç —É–±—Ä–∞—Ç—å ¬´–∞–ø–µ–ª—å—Å–∏–Ω–æ–≤—É—é –∫–æ—Ä–∫—É¬ª –∏ —Å–æ–∑–¥–∞—Ç—å –∏–¥–µ–∞–ª—å–Ω—ã–π —Å–∏–ª—É—ç—Ç. 

–í –ö–ª–∏–Ω–∏–∫–µ –ö–∞—Å–∫–∞–¥ —Ç—Ä–∏ –æ–ø—ã—Ç–Ω—ã—Ö –º–∞—Å—Å–∞–∂–∏—Å—Ç–∞, –ø–æ—ç—Ç–æ–º—É –≤–∞—à–µ –∑–¥–æ—Ä–æ–≤—å–µ –∏ –∫—Ä–∞—Å–æ—Ç–∞ –≤ –Ω–∞–¥–µ–∂–Ω—ã—Ö —Ä—É–∫–∞—Ö! –ü–æ–¥–∞—Ä–∏—Ç–µ —Å–≤–æ–µ–º—É —Ç–µ–ª—É –æ–±–Ω–æ–≤–ª–µ–Ω–∏–µ –∏ –ø—Ä–æ—Ñ–µ—Å—Å–∏–æ–Ω–∞–ª—å–Ω—É—é –∑–∞–±–æ—Ç—É. –ó–∞–ø–∏—à–∏—Ç–µ—Å—å —É–∂–µ —Å–µ–≥–æ–¥–Ω—è!

–ó–∞–ø–∏—Å—å –Ω–∞ –ª–µ—á–µ–±–Ω—ã–π –º–∞—Å—Å–∞–∂ –æ—Å—É—â–µ—Å—Ç–≤–ª—è–µ—Ç—Å—è –ø—Ä–∏ –Ω–∞–ª–∏—á–∏–∏ –Ω–∞–ø—Ä–∞–≤–ª–µ–Ω–∏—è –æ—Ç –≤—Ä–∞—á–∞ (–¥–µ–π—Å—Ç–≤–∏—Ç–µ–ª—å–Ω–æ 6 –º–µ—Å—è—Ü–µ–≤).

üìç —É–ª. –ö–∞–ª—å–≤–∞—Ä–∏–π—Å–∫–∞—è, 40 (—Å—Ç.–º. ¬´–ú–æ–ª–æ–¥–µ–∂–Ω–∞—è¬ª)
üìû –∫–æ—Ä–æ—Ç–∫–∏–π –Ω–æ–º–µ—Ä 480"
kaskadclinica,https://www.instagram.com/kaskadclinica/,post,Sidecar,2026-01-13T12:11:19+00:00,https://www.instagram.com/p/DTc0zVHiGm6/,DTc0zVHiGm6,28,0,,"–†–∞–¥—ã –ø—Ä–µ–¥—Å—Ç–∞–≤–∏—Ç—å –≤–∞–º –≤—Ä–∞—á–∞ —É–ª—å—Ç—Ä–∞–∑–≤—É–∫–æ–≤–æ–π –¥–∏–∞–≥–Ω–æ—Å—Ç–∏–∫–∏ –ö–ª–∏–Ω–∏–∫–∏ –ö–∞—Å–∫–∞–¥: –ö—Ä–∞–≤—á–∏–Ω—É –ê–Ω–Ω—É –í–ª–∞–¥–∏–º–∏—Ä–æ–≤–Ω—É üë©‚Äç‚öïÔ∏è

–í—Ä–∞—á –ø–µ—Ä–≤–æ–π –∫–∞—Ç–µ–≥–æ—Ä–∏–∏, –∫–æ—Ç–æ—Ä–∞—è –ø—Ä–æ–≤–æ–¥–∏—Ç –¥–∏–∞–≥–Ω–æ—Å—Ç–∏–∫—É –¥–ª—è –≤–∑—Ä–æ—Å–ª—ã—Ö –∏ –¥–µ—Ç–µ–π –≤ –≤–æ–∑—Ä–∞—Å—Ç–µ 10+ –ª–µ—Ç. 

–°–ø–µ—Ü–∏–∞–ª–∏–∑–∏—Ä—É–µ—Ç—Å—è –Ω–∞ –£–ó–ò —Å–µ—Ä–¥—Ü–∞, –ø—Ä–µ–¥—Å—Ç–∞—Ç–µ–ª—å–Ω–æ–π –∂–µ–ª–µ–∑—ã, –º–æ—á–µ–≤–æ–≥–æ –ø—É–∑—ã—Ä—è, –±—Ä—é—à–Ω–æ–π –ø–æ–ª–æ—Å—Ç–∏, –ø–æ—á–µ–∫, –∫–∏—à–µ—á–Ω–∏–∫–∞, –ø–æ–¥–∂–µ–ª—É–¥–æ—á–Ω–æ–π –∂–µ–ª–µ–∑—ã, –ø–µ—á–µ–Ω–∏, –∂–µ–ª—á–Ω–æ–≥–æ –ø—É–∑—ã—Ä—è, —Å–µ–ª–µ–∑–µ–Ω–∫–∏, –º–∞—Ç–∫–∏ –∏ –ø—Ä–∏–¥–∞—Ç–∫–æ–≤, –º–æ–ª–æ—á–Ω—ã—Ö –∂–µ–ª–µ–∑, —â–∏—Ç–æ–≤–∏–¥–Ω–æ–π –∂–µ–ª–µ–∑—ã, –º—è–≥–∫–∏—Ö —Ç–∫–∞–Ω–µ–π –∏ –¥—Ä.

–ö–∞–∫ –û–¢–ó–´–í–∞—é—Ç—Å—è –ø–∞—Ü–∏–µ–Ω—Ç—ã –æ–± –ê–Ω–Ω–µ –í–ª–∞–¥–∏–º–∏—Ä–æ–≤–Ω–µ: 

‚ñ™Ô∏è ¬´–û—á–µ–Ω—å –ø—Ä–∏—è—Ç–Ω—ã–π –∏ –≥—Ä–∞–º–æ—Ç–Ω—ã–π –≤—Ä–∞—á. –£—Å–ø–æ–∫–æ–∏–ª–∞, –≤—Å–µ —Ä–∞–∑—ä—è—Å–Ω–∏–ª–∞. –¢–æ–ª—å–∫–æ –ø–æ–ª–æ–∂–∏—Ç–µ–ª—å–Ω—ã–µ –≤–ø–µ—á–∞—Ç–ª–µ–Ω–∏—è –æ—Å—Ç–∞–ª–∏—Å—å –æ—Ç –≤–∏–∑–∏—Ç–∞¬ª
‚ñ™Ô∏è –û—á–µ–Ω—å —Ö–æ—Ä–æ—à–∏–π –≤—Ä–∞—á, –ø–æ–º–æ–≥–ª–∞ –º–Ω–µ, –≤—Å–µ –ø–æ–¥—Ä–æ–±–Ω–æ –æ–±—ä—è—Å–Ω–∏–ª–∞ –∏ –æ—Ç–≤–µ—Ç–∏–ª–∞ –Ω–∞ –≤—Å–µ –º–æ–∏ –≤–æ–ø—Ä–æ—Å—ã. –°–ø–∞—Å–∏–±–æ!¬ª
‚ñ™Ô∏è ¬´–ü—Ä–µ–∫—Ä–∞—Å–Ω—ã–π —Å–ø–µ—Ü–∏–∞–ª–∏—Å—Ç! –í–µ–∂–ª–∏–≤–∞—è, –≥—Ä–∞–º–æ—Ç–Ω–∞—è, –∑–Ω–∞—é—â–∞—è —Å–≤–æ–µ –¥–µ–ª–æ! –í—Å–µ–≥–¥–∞ –ø–æ–¥—Ä–æ–±–Ω–æ –≤—ã—Å–ª—É—à–∞–µ—Ç, –≤—Å–µ –≤–Ω–∏–º–∞—Ç–µ–ª—å–Ω–æ –ø–æ—Å–º–æ—Ç—Ä–∏—Ç –∏ –æ—Ç–≤–µ—Ç–∏—Ç –Ω–∞ –≤—Å–µ –º–æ–∏ –≤–æ–ø—Ä–æ—Å—ã!¬ª

–ü–æ–∑–∞–±–æ—Ç—å—Ç–µ—Å—å –æ —Å–≤–æ–µ–º –∑–¥–æ—Ä–æ–≤—å–µ! –ó–∞–ø–∏—à–∏—Ç–µ—Å—å –Ω–∞ –¥–∏–∞–≥–Ω–æ—Å—Ç–∏–∫—É –∫ –æ–ø—ã—Ç–Ω–æ–º—É —Å–ø–µ—Ü–∏–∞–ª–∏—Å—Ç—É ‚úçÔ∏è

üìç —É–ª. –ö–∞–ª—å–≤–∞—Ä–∏–π—Å–∫–∞—è, 40 (—Å—Ç.–º. ¬´–ú–æ–ª–æ–¥–µ–∂–Ω–∞—è¬ª)
üìû –∫–æ—Ä–æ—Ç–∫–∏–π –Ω–æ–º–µ—Ä 480"
kravira.by,https://www.instagram.com/kravira.by/,post,Video,2026-01-22T15:20:00+00:00,https://www.instagram.com/p/DT0VmXWjEa4/,DT0VmXWjEa4,37,0,678,–ó–∞–ø–∏—Å–∞—Ç—å—Å—è –Ω–∞ –∫–æ–Ω—Å—É–ª—å—Ç–∞—Ü–∏—é –∫ –≤—Ä–∞—á—É-—Ñ–ª–µ–±–æ–ª–æ–≥—É –º–æ–∂–Ω–æ –ø–æ üìû403
kravira.by,https://www.instagram.com/kravira.by/,post,Video,2026-01-19T14:16:50+00:00,https://www.instagram.com/p/DTsf0FVDOiX/,DTsf0FVDOiX,38,0,1790,"–ü—Ä–∏–∑–Ω–∞–≤–∞–π—Ç–µ—Å—å, –±—ã–ª–æ!? 

–ó–∞–ø–∏—Å–∞—Ç—å—Å—è –∫ –Ω–∞—à–∏–º —Å–ø–µ—Ü–∏–∞–ª–∏—Å—Ç–∞–º –º–æ–∂–Ω–æ –ø–æ üìû 403, –µ—Å–ª–∏ —á—Ç–æ üòâ‚úåüèª"
kravira.by,https://www.instagram.com/kravira.by/,post,Video,2026-01-16T15:53:23+00:00,https://www.instagram.com/p/DTk8VLljGVT/,DTk8VLljGVT,27,0,,"–ó–∞–ø–∏—Å–∞—Ç—å—Å—è –Ω–∞ –∫–æ–Ω—Å—É–ª—å—Ç–∞—Ü–∏—é –∫ –†—ã–Ω–¥–∏–Ω—É –ê–ª–µ–∫—Å–µ—é –ê–Ω–∞—Ç–æ–ª—å–µ–≤–∏—á—É, –ö–ú–ù, –≤—Ä–∞—á—É-—É—Ä–æ–ª–æ–≥—É, –º–æ–∂–Ω–æ –ø–æ –∫–æ—Ä–æ—Ç–∫–æ–º—É –Ω–æ–º–µ—Ä—É üìû 403 üíö"
kravira.by,https://www.instagram.com/kravira.by/,post,Video,2026-01-14T10:27:03+00:00,https://www.instagram.com/p/DTfNgzpDFsM/,DTfNgzpDFsM,34,0,803,"–ó–∞–ø–∏—Å–∞—Ç—å—Å—è –Ω–∞ –∫–æ–Ω—Å—É–ª—å—Ç–∞—Ü–∏—é –∫ –ü–æ–ø—á–µ–Ω–∫–æ –ê–Ω–¥—Ä–µ—é –õ–µ–æ–Ω–∏–¥–æ–≤–∏—á—É, –ö–ú–ù, –≤—Ä–∞—á—É-—Ñ–ª–µ–±–æ–ª–æ–≥—É, –º–æ–∂–Ω–æ –ø–æ –∫–æ—Ä–æ—Ç–∫–æ–º—É –Ω–æ–º–µ—Ä—É üìû 403 üíö"
kravira.by,https://www.instagram.com/kravira.by/,post,Sidecar,2026-01-12T16:40:14+00:00,https://www.instagram.com/p/DTauyEHjMor/,DTauyEHjMor,16,0,,"–ü—Ä–∏—Ö–æ–¥–∏—Ç–µ –Ω–∞ –ø–µ—Ä–≤—É—é –∫–æ–Ω—Å—É–ª—å—Ç–∞—Ü–∏—é –∫ —Ñ–ª–µ–±–æ–ª–æ–≥—É –∏ –∑–∞—Ñ–∏–∫—Å–∏—Ä—É–π—Ç–µ —Å–∫–∏–¥–∫—É 15% –Ω–∞ –≠–í–õ–ö –Ω–∞ 30 –¥–Ω–µ–π*

–ó–∞–ø–∏—Å–∞—Ç—å—Å—è –º–æ–∂–Ω–æ –ø–æ üìû403

*–°—Ä–æ–∫ –ø—Ä–æ–≤–µ–¥–µ–Ω–∏—è –∞–∫—Ü–∏–∏ –¥–æ 28.02.2026

–°–¥–µ–ª–∞–π—Ç–µ —à–∞–≥ –∫ –∑–¥–æ—Ä–æ–≤—ã–º –Ω–æ–≥–∞–º –±–µ–∑ –≤–∞—Ä–∏–∫–æ–∑–∞ üíö"
kravira.by,https://www.instagram.com/kravira.by/,post,Video,2026-01-09T13:20:00+00:00,https://www.instagram.com/p/DTSpkqCjM6P/,DTSpkqCjM6P,23,2,1029,"–ñ–¥–µ–º –≤–∞—Å –∫–∞–∂–¥—ã–π –¥–µ–Ω—å –≤ –ª—é–±—É—é –ø–æ–≥–æ–¥—É –≤ –Ω–∞—à–∏—Ö —Ñ–∏–ª–∏–∞–ª–∞—Ö @kravira.by ‚ùÑÔ∏èüíö

–ó–∞–ø–∏—Å–∞—Ç—å—Å—è –º–æ–∂–Ω–æ –ø–æ üìû403, –µ—Å–ª–∏ —á—Ç–æ üòâ"
kravira.by,https://www.instagram.com/kravira.by/,post,Video,2026-01-06T11:58:09+00:00,https://www.instagram.com/p/DTKxoYzjNcU/,DTKxoYzjNcU,23,2,1127,"–ó–∞–ø–∏—Å–∞—Ç—å—Å—è –Ω–∞ –∫–æ–Ω—Å—É–ª—å—Ç–∞—Ü–∏—é –∫ –ú—É—Ä–∞—à–∫–æ –ê–Ω–∂–µ–ª–µ –ò–≤–∞–Ω–æ–≤–Ω–µ, –≤—Ä–∞—á—É-–¥–µ—Ä–º–∞—Ç–æ–ª–æ–≥—É, –º–æ–∂–Ω–æ –ø–æ –∫–æ—Ä–æ—Ç–∫–æ–º—É –Ω–æ–º–µ—Ä—É üìû 403 üíö"
lode.med,https://www.instagram.com/lode.med/,post,Sidecar,2026-01-16T09:22:50+00:00,https://www.instagram.com/p/DTkP6BZDE04/,DTkP6BZDE04,261,2,,"–ï—Å–ª–∏ –†–ï–ó–£–õ–¨–¢–ê–¢ –ê–ù–ê–õ–ò–ó–ê –Ω—É–∂–µ–Ω –ü–†–Ø–ú–û –°–ï–ô–ß–ê–°‚è±Ô∏èüöÄ

–í –õ–û–î–≠ –≤—ã –º–æ–∂–µ—Ç–µ –æ–ø–µ—Ä–∞—Ç–∏–≤–Ω–æ –ø–æ–ª—É—á–∏—Ç—å —Ä–µ–∑—É–ª—å—Ç–∞—Ç—ã. –ü—Ä–æ—Å—Ç–æ –≤—ã–±–µ—Ä–∏—Ç–µ –Ω—É–∂–Ω–æ–µ –∏—Å—Å–ª–µ–¥–æ–≤–∞–Ω–∏–µ, –¥–æ–±–∞–≤—å—Ç–µ —É—Å–ª—É–≥—É —Å—Ä–æ—á–Ω–æ–≥–æ –≤—ã–ø–æ–ª–Ω–µ–Ω–∏—è ‚Äî –∏ –≤–∞—à –∞–Ω–∞–ª–∏–∑ –±—É–¥–µ—Ç –≥–æ—Ç–æ–≤ –≤ –∫—Ä–∞—Ç—á–∞–π—à–∏–µ —Å—Ä–æ–∫–∏ ‚ö°Ô∏è

–°—Ç–æ–∏–º–æ—Å—Ç—å —É—Å–ª—É–≥–∏ ‚Äî 7 —Ä—É–±–ª–µ–π –∑–∞ 1 –∏—Å—Å–ª–µ–¥–æ–≤–∞–Ω–∏–µ.

–†–µ–∑—É–ª—å—Ç–∞—Ç—ã –ø–æ –≥–æ—Ç–æ–≤–Ω–æ—Å—Ç–∏ —Å—Ç–∞–Ω—É—Ç –¥–æ—Å—Ç—É–ø–Ω—ã –≤ –ø—Ä–∏–ª–æ–∂–µ–Ω–∏–∏ LODEüì±, –∏–ª–∏ –∂–µ –≤—ã –º–æ–∂–µ—Ç–µ –æ–±—Ä–∞—Ç–∏—Ç—å—Å—è –≤ –º–µ–¥—Ü–µ–Ω—Ç—Ä –∑–∞ –±—É–º–∞–∂–Ω—ã–º–∏ –±–ª–∞–Ω–∫–∞–º–∏. 
 
–ü–æ–¥—Ä–æ–±–Ω–æ—Å—Ç–∏ –æ —Å—Ä–æ—á–Ω–æ–º –≤—ã–ø–æ–ª–Ω–µ–Ω–∏–∏ –∫–æ–Ω–∫—Ä–µ—Ç–Ω–æ–≥–æ –∏—Å—Å–ª–µ–¥–æ–≤–∞–Ω–∏—è —É—Ç–æ—á–Ω—è–π—Ç–µ –ø–æ –Ω–æ–º–µ—Ä—É 111."
lode.med,https://www.instagram.com/lode.med/,post,Video,2026-01-09T06:22:56+00:00,https://www.instagram.com/p/DTR5kfFDTH-/,DTR5kfFDTH-,100,3,14535,"–ß—Ç–æ –≤—Ö–æ–¥–∏—Ç –≤ –ø—Ä–æ–≥—Ä–∞–º–º—É ¬´–û—Ç–ª–æ–∂–µ–Ω–Ω–æ–µ –º–∞—Ç–µ—Ä–∏–Ω—Å—Ç–≤–æ¬ª?

–í –ø—Ä–µ–¥—ã–¥—É—â–∏—Ö —á–∞—Å—Ç—è—Ö —Å–µ—Ä–∏–∏ –º—ã —É–∂–µ –æ–±—Å—É–¥–∏–ª–∏:
‚ùì–º–æ–∂–Ω–æ –ª–∏ —Å—Ç–∞—Ç—å –º–∞–º–æ–π –≤ –ª—é–±–æ–º –≤–æ–∑—Ä–∞—Å—Ç–µ
‚ùì–∫–æ–≥–¥–∞ –æ–ø—Ç–∏–º–∞–ª—å–Ω–æ –∑–∞–º–æ—Ä–∞–∂–∏–≤–∞—Ç—å —è–π—Ü–µ–∫–ª–µ—Ç–∫–∏ 

–ï—Å–ª–∏ –ø—Ä–æ–ø—É—Å—Ç–∏–ª–∏, –ø–æ–¥—Å–∫–∞–∑–∫–∞ –ø–æ—è–≤–∏—Ç—Å—è –≤ —Ä–æ–ª–∏–∫–µ.

–°–µ–≥–æ–¥–Ω—è –≤–º–µ—Å—Ç–µ —Å —Ä–µ–ø—Ä–æ–¥—É–∫—Ç–æ–ª–æ–≥–æ–º —Ä–∞–∑–±–∏—Ä–∞–µ–º —ç—Ç–∞–ø—ã, –∏–∑ –∫–æ—Ç–æ—Ä—ã—Ö —Å–æ—Å—Ç–æ–∏—Ç –ø—Ä–æ–≥—Ä–∞–º–º–∞:
1. –ü–µ—Ä–≤–∏—á–Ω–∞—è –∫–æ–Ω—Å—É–ª—å—Ç–∞—Ü–∏—è –∏ –æ–±—Å–ª–µ–¥–æ–≤–∞–Ω–∏–µ
2. –°—Ç–∏–º—É–ª—è—Ü–∏—è —è–∏—á–Ω–∏–∫–æ–≤
3. –ü—É–Ω–∫—Ü–∏—è ‚Äî –∑–∞–±–æ—Ä —è–π—Ü–µ–∫–ª–µ—Ç–æ–∫
4. –ö—Ä–∏–æ–∫–æ–Ω—Å–µ—Ä–≤–∞—Ü–∏—è
5. –•—Ä–∞–Ω–µ–Ω–∏–µ –∏ –ø–æ—Å–ª–µ–¥—É—é—â–µ–µ –∏—Å–ø–æ–ª—å–∑–æ–≤–∞–Ω–∏–µ

–°–æ—Ö—Ä–∞–Ω—è–π—Ç–µ –≤–∏–¥–µ–æ –∫ —Å–µ–±–µ –∏ —Å–º–æ—Ç—Ä–∏—Ç–µ 
–ø—Ä–µ–¥—ã–¥—É—â–∏–µ —Ä–∏–ª—Å ‚ú®"
mercimed.by,https://www.instagram.com/mercimed.by/,post,Video,2026-01-25T10:07:26+00:00,https://www.instagram.com/p/DT7gB_lDZP3/,DT7gB_lDZP3,734,128,7320,"ü•≥ 5 –ª–µ—Ç –∫–æ–º–∞–Ω–¥–∞ –ö–ª–∏–Ω–∏–∫–∏ ¬´–ú–µ—Ä—Å–∏¬ª –ø–æ–º–æ–≥–∞–µ—Ç —Å–æ—Ö—Ä–∞–Ω—è—Ç—å –∑–¥–æ—Ä–æ–≤—å–µ —Å–µ–º—å–∏ —Å –∑–∞–±–æ—Ç–æ–π –æ –∫–∞–∂–¥–æ–º!

–í –±–ª–∞–≥–æ–¥–∞—Ä–Ω–æ—Å—Ç—å –∑–∞ –¥–æ–≤–µ—Ä–∏–µ –º—ã —Ö–æ—Ç–∏–º –ø–æ—Ä–∞–¥–æ–≤–∞—Ç—å –Ω–∞—à–∏—Ö –ü–∞—Ü–∏–µ–Ω—Ç–æ–≤ –∏ –¥–∞—Ä–∏–º 5 —Å–µ—Ä—Ç–∏—Ñ–∏–∫–∞—Ç–æ–≤ –ø–æ 200 BYN –Ω–∞ –º–µ–¥–∏—Ü–∏–Ω—Å–∫–∏–µ —É—Å–ª—É–≥–∏ –ö–ª–∏–Ω–∏–∫–∏ ¬´–ú–µ—Ä—Å–∏¬ª!

–£—Å–ª–æ–≤–∏—è —Ä–æ–∑—ã–≥—Ä—ã—à–∞:
‚Ä¢ –≤ –∫–æ–º–º–µ–Ω—Ç–∞—Ä–∏—è—Ö –ø–æ–∑–¥—Ä–∞–≤—å—Ç–µ –ö–ª–∏–Ω–∏–∫—É ¬´–ú–µ—Ä—Å–∏¬ª –∏–ª–∏ –í–∞—à–µ–≥–æ –ª—é–±–∏–º–æ–≥–æ –≤—Ä–∞—á–∞;
‚Ä¢ –ø—Ä–æ–≤–µ—Ä—å—Ç–µ, —Å–ª–µ–¥–∏—Ç–µ –ª–∏ –í—ã –∑–∞ –Ω–∞—à–∏–º–∏ —Å—Ç—Ä–∞–Ω–∏—Ü–∞–º–∏
@mercimed.by 
@merci.oftalmolog 
@merci.cosmetolog 

üóìÔ∏è 30 —è–Ω–≤–∞—Ä—è –≤ –ø—Ä—è–º–æ–º —ç—Ñ–∏—Ä–µ –º—ã –≤—ã–±–µ—Ä–µ–º 5 —Å—á–∞—Å—Ç–ª–∏–≤—á–∏–∫–æ–≤ —Å –ø–æ–º–æ—â—å—é @lizaonair 

‚úÖ –í–∞–∂–Ω–æ:
–í–∞—à –∞–∫–∫–∞—É–Ω—Ç –¥–æ–ª–∂–µ–Ω –±—ã—Ç—å –æ—Ç–∫—Ä—ã—Ç –Ω–∞ –º–æ–º–µ–Ω—Ç —Ä–æ–∑—ã–≥—Ä—ã—à–∞.

–ñ–µ–ª–∞–µ–º —É–¥–∞—á–∏!"
mercimed.by,https://www.instagram.com/mercimed.by/,post,Sidecar,2026-01-25T07:58:12+00:00,https://www.instagram.com/p/DT7RYEDDaIU/,DT7RYEDDaIU,371,14,,"üéÇ–ö–ª–∏–Ω–∏–∫–µ ¬´–ú–µ—Ä—Å–∏¬ª ‚Äì 5 –ª–µ—Ç!

–í—Å–µ —ç—Ç–∏ –≥–æ–¥—ã –º—ã —à–∞–≥ –∑–∞ —à–∞–≥–æ–º —Å–æ–±–∏—Ä–∞–ª–∏ –ø—Ä–æ—Ñ–µ—Å—Å–∏–æ–Ω–∞–ª–æ–≤ —Å–≤–æ–µ–≥–æ –¥–µ–ª–∞, –ª—É—á—à–∏–µ –º–µ—Ç–æ–¥–∏–∫–∏, –º–∏—Ä–æ–≤—ã–µ —Ç–µ—Ö–Ω–æ–ª–æ–≥–∏–∏ –∏ —Å—á–∞—Å—Ç–ª–∏–≤—ã–µ –∏—Å—Ç–æ—Ä–∏–∏ –Ω–∞—à–∏—Ö –ü–∞—Ü–∏–µ–Ω—Ç–æ–≤.

5 –ª–µ—Ç ‚Äì —ç—Ç–æ –Ω–∞—á–∞–ª–æ –±–æ–ª—å—à–æ–≥–æ –ø—É—Ç–∏. –ú—ã –±–ª–∞–≥–æ–¥–∞—Ä–∏–º –∫–∞–∂–¥–æ–≥–æ –∑–∞ –¥–æ–≤–µ—Ä–∏–µ –∏ –∑–∞ —Ç–æ, —á—Ç–æ –≤—ã–±–∏—Ä–∞–µ—Ç–µ –Ω–∞—Å!

ü•≥ –° –î–Ω–µ–º —Ä–æ–∂–¥–µ–Ω–∏—è, –ö–ª–∏–Ω–∏–∫–∞ ¬´–ú–µ—Ä—Å–∏¬ª!"
mercimed.by,https://www.instagram.com/mercimed.by/,post,Video,2026-01-21T11:43:30+00:00,https://www.instagram.com/p/DTxXrgrjMTy/,DTxXrgrjMTy,115,2,3510,"–û—Ç–ø—Ä–∞–≤–ª—è–π—Ç–µ —Ç–æ–º—É —Å–∞–º–æ–º—É –¥—Ä—É–≥—É, —É –∫–æ—Ç–æ—Ä–æ–≥–æ –∑–∞–ø–æ—Ç–µ–≤–∞—é—Ç –æ—á–∫–∏ –∑–∏–º–æ–πüßê‚Ä®‚Ä®‚òùüèª–í–∞—à–µ –∑—Ä–µ–Ω–∏–µ –≤ –Ω–∞—à–µ–º —Ñ–æ–∫—É—Å–µ.

üíÅüèª‚Äç‚ôÄÔ∏è –ó–∞–ø–∏—Å—ã–≤–∞–π—Ç–µ—Å—å –Ω–∞ –∫–æ–Ω—Å—É–ª—å—Ç–∞—Ü–∏—é –∫ –Ω–∞—à–∏–º –æ—Ñ—Ç–∞–ª—å–º–æ–ª–æ–≥–∞–º, —á—Ç–æ–±—ã –ø–æ–ª—É—á–∏—Ç—å —á–µ—Å—Ç–Ω—ã–µ –æ—Ç–≤–µ—Ç—ã –∏ —Å–æ—Ö—Ä–∞–Ω–∏—Ç—å –∑—Ä–µ–Ω–∏–µ: 

üì± —á–µ—Ä–µ–∑ Instagram @mercimed.by
‚òéÔ∏è –ø–æ —Ç–µ–ª–µ—Ñ–æ–Ω—É 414 (–ê1, –ú–¢–°, Life)
üíª –Ω–∞ —Å–∞–π—Ç–µ mercimed.by (–æ–Ω–ª–∞–π–Ω-–∫–æ–Ω—Å—É–ª—å—Ç–∞–Ω—Ç)"
mercimed.by,https://www.instagram.com/mercimed.by/,post,Sidecar,2026-01-06T15:47:20+00:00,https://www.instagram.com/p/DTLL9bqjVHu/,DTLL9bqjVHu,64,12,,"–°–ø–µ—Ü–∏–∞–ª—å–Ω—ã–µ –ø—Ä–µ–¥–ª–æ–∂–µ–Ω–∏—è —è–Ω–≤–∞—Ä—è –Ω–∞ –º–µ–¥–∏—Ü–∏–Ω—Å–∫–∏–µ —É—Å–ª—É–≥–∏ –≤ –ö–ª–∏–Ω–∏–∫–µ ¬´–ú–µ—Ä—Å–∏¬ª —É–∂–µ –∂–¥—É—Ç –í–∞—Å –≤ –∫–∞—Ä—É—Å–µ–ª–∏üëâüèº

–ó–∞–ø–∏—Å–∞—Ç—å—Å—è –Ω–∞ –ø—Ä–∏–µ–º –≤ –ö–ª–∏–Ω–∏–∫—É ¬´–ú–µ—Ä—Å–∏¬ª –º–æ–∂–Ω–æ:
üì≤—á–µ—Ä–µ–∑ –Ω–∞—à Instagram
‚òéÔ∏è–ø–æ —Ç–µ–ª–µ—Ñ–æ–Ω—É 414 (–ê1, –ú–¢–°, –õ–∞–π—Ñ)
üíª–Ω–∞ —Å–∞–π—Ç–µ mercimed.by (–æ–Ω–ª–∞–π–Ω-–∫–æ–Ω—Å—É–ª—å—Ç–∞–Ω—Ç)"
nordin.medcentr,https://www.instagram.com/nordin.medcentr/,post,Video,2026-01-08T15:54:05+00:00,https://www.instagram.com/p/DTQV9GbCInD/,DTQV9GbCInD,40,3,433,"–ü—Ä–µ–¥—Å—Ç–∞–≤–ª—è–µ–º –≤–∞–º –ø–µ—Ä–≤—ã–π –≤—ã–ø—É—Å–∫ –ø—Ä–æ–µ–∫—Ç–∞ ¬´–í–µ—Ö–∏ –ù–æ—Ä–¥–∏–Ω–∞¬ª –≤ 2026 –≥–æ–¥—É!

–ù–∞—à –Ω–æ–≤—ã–π –≥–µ—Ä–æ–π ‚Äî –≤—Ä–∞—á-–æ—Ç–æ–ª–∞—Ä–∏–Ω–≥–æ–ª–æ–≥ –õ–µ–Ω—å–∫–æ –í–∞—Å–∏–ª–∏—Å–∞ –ì—Ä–∏–≥–æ—Ä—å–µ–≤–Ω–∞. 

üë©üèº‚Äç‚öïÔ∏è–≠—Ç–æ –Ω–µ –ø—Ä–æ—Å—Ç–æ –∏—Å—Ç–æ—Ä–∏—è –∫–∞—Ä—å–µ—Ä—ã –Ω–∞—Å—Ç–æ—è—â–µ–π –∂–µ–Ω—â–∏–Ω—ã. –≠—Ç–æ –∏—Å—Ç–æ—Ä–∏—è —Å–∏–ª—ã –¥—É—Ö–∞, –ø—Ä–∏–∑–≤–∞–Ω–∏—è –∏ —É–¥–∏–≤–∏—Ç–µ–ª—å–Ω–æ–π —Å—Ç–æ–π–∫–æ—Å—Ç–∏, –∫–æ—Ç–æ—Ä–∞—è –Ω–∞—á–∏–Ω–∞–µ—Ç—Å—è –≤ –º–Ω–æ–≥–æ–¥–µ—Ç–Ω–æ–π —Å–µ–º—å–µ –∏ –≤–µ–¥–µ—Ç –≤ –º–∏—Ä –æ—Ç–æ–ª–∞—Ä–∏–Ω–≥–æ–ª–æ–≥–∏–∏

–ï—ë –∏—Å—Ç–æ—Ä–∏—è ‚Äî —ç—Ç–æ –Ω–∞–≥–ª—è–¥–Ω—ã–π —É—Ä–æ–∫ —Ç–æ–≥–æ, –∫–∞–∫ –Ω–∞—Å—Ç–æ—è—â–µ–µ –ø—Ä–∏–∑–≤–∞–Ω–∏–µ –ø—Ä–æ–±–∏–≤–∞–µ—Ç —Å–µ–±–µ –¥–æ—Ä–æ–≥—É. üôåüèª

–í —ç—Ç–æ–º –≤—ã–ø—É—Å–∫–µ –≤—ã —É–≤–∏–¥–∏—Ç–µ –∏—Å—Ç–æ—Ä–∏—é, –≤ –∫–æ—Ç–æ—Ä–æ–π –µ—Å—Ç—å –≤—Å—ë:
üë®‚Äçüë©‚Äçüëß‚Äçüë¶ –ò—Å—Ç–æ–∫–∏: –ö–∞–∫ –≤–æ—Å–ø–∏—Ç–∞–Ω–∏–µ –≤ —Å–µ–º—å–µ —Å 5 –¥–µ—Ç—å–º–∏ —Ñ–æ—Ä–º–∏—Ä—É–µ—Ç –≤—Ä–∞—á–∞
üí™ –°—Ç–æ–π–∫–æ—Å—Ç—å: –ü–æ—á–µ–º—É ¬´–Ω–µ –ø–æ—Å—Ç—É–ø–∏—Ç—å¬ª ‚Äî —ç—Ç–æ –∏–Ω–æ–≥–¥–∞ –ª—É—á—à–∏–π —Å—Ç–∞—Ä—Ç
‚ù§Ô∏è –ü—Ä–∏–∑–≤–∞–Ω–∏–µ: –ú–æ–º–µ–Ω—Ç, –∫–æ–≥–¥–∞ –º–µ–¥—Å–µ—Å—Ç—Ä–∞ –ø–æ–Ω–∏–º–∞–µ—Ç, —á—Ç–æ –µ—ë –ø—É—Ç—å ‚Äî –æ—Ç–æ–ª–∞—Ä–∏–Ω–≥–æ–ª–æ–≥–∏—è
ü§ù –ö–æ–º–∞–Ω–¥–∞: –ü–æ—á–µ–º—É ¬´–ù–æ—Ä–¥–∏–Ω¬ª ‚Äî —ç—Ç–æ –º–µ—Å—Ç–æ, –≥–¥–µ –≤–∑–∞–∏–º–æ–ø–æ–º–æ—â—å –∫–æ–ª–ª–µ–≥ —Å—Ç–∞–Ω–æ–≤–∏—Ç—Å—è —á–∞—Å—Ç—å—é –ª–µ—á–µ–Ω–∏—è
üåç –ü—Ä–∏–∑–Ω–∞–Ω–∏–µ: –ò—Å—Ç–æ—Ä–∏—è –æ —Ç–æ–º, –∫–∞–∫ –ù–æ—Ä–¥–∏–Ω –ø—Ä–∏–Ω–∏–º–∞–ª –ø–∞—Ü–∏–µ–Ω—Ç–æ–≤ –∏–∑ –ï–≤—Ä–æ–ø—ã –¥–ª—è —Å–ª–æ–∂–Ω–µ–π—à–∏—Ö –æ–ø–µ—Ä–∞—Ü–∏–π

üí¨–≠—Ç–æ —Ä–∞—Å—Å–∫–∞–∑ –æ —Ç–æ–º, —á—Ç–æ –º–µ–¥–∏—Ü–∏–Ω–∞ ‚Äî —ç—Ç–æ –Ω–µ —Ç–æ–ª—å–∫–æ –Ω–∞—É–∫–∞, –Ω–æ –∏ —Ö–∞—Ä–∞–∫—Ç–µ—Ä, –≤–æ–ª—è –∏ —á–µ–ª–æ–≤–µ—á–Ω–æ—Å—Ç—å."
proud_clinic,https://www.instagram.com/proud_clinic/,post,Video,2026-01-23T10:15:52+00:00,https://www.instagram.com/p/DT2XeUuDfg1/,DT2XeUuDfg1,-1,26,5096,"–£–Ω–∏–∫–∞–ª—å–Ω–æ–µ –ø—Ä–µ–¥–ª–æ–∂–µ–Ω–∏–µ! –¢–æ–ª—å–∫–æ –≤ Proud Clinic –º–æ–∂–Ω–æ –ø—Ä–æ–π—Ç–∏ –∫–æ–º–ø–ª–µ–∫—Å–Ω–æ–µ –æ–±—Å–ª–µ–¥–æ–≤–∞–Ω–∏–µ –æ—Ä–≥–∞–Ω–∏–∑–º–∞ –≤—Å–µ–≥–æ –∑–∞ –¥–≤–∞ –≤–∏–∑–∏—Ç–∞. 

–ù–∞ –ø–µ—Ä–≤–æ–º –ø—Ä–∏—ë–º–µ –≤—ã –ø—Ä–æ—Ö–æ–¥–∏—Ç–µ –∫–æ–Ω—Å—É–ª—å—Ç–∞—Ü–∏—é —Ç–µ—Ä–∞–ø–µ–≤—Ç–∞, –£–ó–ò –∏ —Å–¥–∞—ë—Ç–µ –∞–Ω–∞–ª–∏–∑—ã. –ù–∞ –≤—Ç–æ—Ä–æ–º ‚Äî –≤—Ä–∞—á –ø–æ–¥—Ä–æ–±–Ω–æ —Ä–∞–∑–±–∏—Ä–∞–µ—Ç —Ä–µ–∑—É–ª—å—Ç–∞—Ç—ã –∏ –¥–∞—ë—Ç —Ä–µ–∫–æ–º–µ–Ω–¥–∞—Ü–∏–∏ –ø–æ –¥–∞–ª—å–Ω–µ–π—à–∏–º –¥–µ–π—Å—Ç–≤–∏—è–º.

üí¨ –•–æ—Ç–∏—Ç–µ –∑–∞–ø–∏—Å–∞—Ç—å—Å—è –Ω–∞ –∫–æ–Ω—Å—É–ª—å—Ç–∞—Ü–∏—é —Ç–µ—Ä–∞–ø–µ–≤—Ç–∞ –∏ –£–ó–ò? –ü–∏—à–∏—Ç–µ –≤ Direct –∏–ª–∏ –∑–≤–æ–Ω–∏—Ç–µ: 7016
üìç Proud Clinic, –ú–∏–Ω—Å–∫, –ø—Ä-—Ç –ü–æ–±–µ–¥–∏—Ç–µ–ª–µ–π, 135

#—á–µ–∫–∞–ø–∑–¥–æ—Ä–æ–≤—å—è #—É–∑–∏–º–∏–Ω—Å–∫ #ProudClinic #–≤—Ä–∞—á—Ç–µ—Ä–∞–ø–µ–≤—Ç #–æ–±—Å–ª–µ–¥–æ–≤–∞–Ω–∏–µ–æ—Ä–≥–∞–Ω–∏–∑–º–∞"
proud_clinic,https://www.instagram.com/proud_clinic/,post,Video,2026-01-22T07:14:00+00:00,https://www.instagram.com/p/DTzd3dRjWwF/,DTzd3dRjWwF,22,0,643,"–ü—Ä–æ—Ñ–µ—Å—Å–∏–æ–Ω–∞–ª—å–Ω—ã–µ –ø–∏–ª–∏–Ω–≥–∏ –ø–æ–¥–±–∏—Ä–∞—é—Ç—Å—è –ø–æ —Ç–∏–ø—É –∫–æ–∂–∏, –µ—ë —Å–æ—Å—Ç–æ—è–Ω–∏—é –∏ –∑–∞–¥–∞—á–∞–º. –í—Ä–∞—á-–∫–æ—Å–º–µ—Ç–æ–ª–æ–≥ –ê–ª–µ–∫—Å–µ–µ–≤–∞ –°–≤–µ—Ç–ª–∞–Ω–∞ –ø–æ–∫–∞–∑—ã–≤–∞–µ—Ç, –∫–∞–∫–∏–µ –ø–∏–ª–∏–Ω–≥–∏ –º–æ–∂–Ω–æ –¥–µ–ª–∞—Ç—å –∑–∏–º–æ–π –≤ Proud Clinic.

üí¨ –•–æ—Ç–∏—Ç–µ –∑–∞–ø–∏—Å–∞—Ç—å—Å—è –Ω–∞ –∫–æ–Ω—Å—É–ª—å—Ç–∞—Ü–∏—é –∫ –≤—Ä–∞—á—É-–∫–æ—Å–º–µ—Ç–æ–ª–æ–≥—É? –ü–∏—à–∏—Ç–µ –≤ Direct –∏–ª–∏ –∑–≤–æ–Ω–∏—Ç–µ: 7016
üìç Proud Clinic, –ú–∏–Ω—Å–∫, –ø—Ä-—Ç –ü–æ–±–µ–¥–∏—Ç–µ–ª–µ–π, 135

#ProudClinic #–≤—Ä–∞—á–∫–æ—Å–º–µ—Ç–æ–ª–æ–≥ #–∫–æ—Å–º–µ—Ç–æ–ª–æ–≥–∏—è #–∞–ø–ø–∞—Ä–∞—Ç–Ω–∞—è–∫–æ—Å–º–µ—Ç–æ–ª–æ–≥–∏—è #–ø–∏–ª–∏–Ω–≥"
proud_clinic,https://www.instagram.com/proud_clinic/,post,Image,2026-01-21T06:23:07+00:00,https://www.instagram.com/p/DTwzUH_jcY4/,DTwzUH_jcY4,48,4,,"VASER-–ª–∏–ø–æ—Å–∞–∫—Ü–∏—è –ø–æ–∑–≤–æ–ª—è–µ—Ç —Ç–æ—á–Ω–æ —Ä–∞–±–æ—Ç–∞—Ç—å —Å –∂–∏—Ä–æ–≤—ã–º–∏ –ª–æ–≤—É—à–∫–∞–º–∏ –∏ —Ñ–æ—Ä–º–∏—Ä–æ–≤–∞—Ç—å –∫–æ–Ω—Ç—É—Ä—ã —Ç–µ–ª–∞. –†–µ–∑—É–ª—å—Ç–∞—Ç –∑–∞–≤–∏—Å–∏—Ç –æ—Ç —Ç–µ—Ö–Ω–∏–∫–∏, —Ä–µ–∞–±–∏–ª–∏—Ç–∞—Ü–∏–∏ –∏ –∏–Ω–¥–∏–≤–∏–¥—É–∞–ª—å–Ω—ã—Ö –æ—Å–æ–±–µ–Ω–Ω–æ—Å—Ç–µ–π –ø–∞—Ü–∏–µ–Ω—Ç–∞. –†–∞–±–æ—Ç–∞ –≤—Ä–∞—á–∞-–ø–ª–∞—Å—Ç–∏—á–µ—Å–∫–æ–≥–æ —Ö–∏—Ä—É—Ä–≥–∞ –≤—ã—Å—à–µ–π –∫–≤–∞–ª–∏—Ñ–∏–∫–∞—Ü–∏–æ–Ω–Ω–æ–π –∫–∞—Ç–µ–≥–æ—Ä–∏–∏ –°–ø–∞–≥–∏—Å–∞ –î–º–∏—Ç—Ä–∏—è –ü–µ—Ç—Ä–æ–≤–∏—á–∞

üí¨ –•–æ—Ç–∏—Ç–µ –∑–∞–ø–∏—Å–∞—Ç—å—Å—è –Ω–∞ –∫–æ–Ω—Å—É–ª—å—Ç–∞—Ü–∏—é –∫ –≤—Ä–∞—á—É-–ø–ª–∞—Å—Ç–∏—á–µ—Å–∫–æ–º—É —Ö–∏—Ä—É—Ä–≥—É? –ü–∏—à–∏—Ç–µ –≤ Direct –∏–ª–∏ –∑–≤–æ–Ω–∏—Ç–µ: 7016
üìç Proud Clinic, –ú–∏–Ω—Å–∫, –ø—Ä-—Ç –ü–æ–±–µ–¥–∏—Ç–µ–ª–µ–π, 135

#–ú–µ–¥–∏—Ü–∏–Ω—Å–∫–∏–π–¶–µ–Ω—Ç—Ä #ProudClinic #–ø–ª–∞—Å—Ç–∏—á–µ—Å–∫–∞—è—Ö–∏—Ä—É—Ä–≥–∏—è #vaser #vaser–ª–∏–ø–æ—Å–∞–∫—Ü–∏—è"
proud_clinic,https://www.instagram.com/proud_clinic/,post,Video,2026-01-20T05:32:46+00:00,https://www.instagram.com/p/DTuIruAjKen/,DTuIruAjKen,57,6,2814,"EMFACE —á–∞—Å—Ç–æ –≤—ã–±–∏—Ä–∞—é—Ç —Ç–µ, –∫—Ç–æ —Ö–æ—á–µ—Ç —É–ª—É—á—à–∏—Ç—å –∫–∞—á–µ—Å—Ç–≤–æ –∫–æ–∂–∏ –∏ —Ç–æ–Ω—É—Å –º—ã—à—Ü –±–µ–∑ –∏–Ω—ä–µ–∫—Ü–∏–π. –í —ç—Ç–æ–º –≤–∏–¥–µ–æ –ø–æ–∫–∞–∑–∞–Ω —Å–∞–º –ø—Ä–æ—Ü–µ—Å—Å –ø—Ä–æ—Ü–µ–¥—É—Ä—ã. 

üí¨ –•–æ—Ç–∏—Ç–µ –∑–∞–ø–∏—Å–∞—Ç—å—Å—è –Ω–∞ –ø—Ä–æ—Ü–µ–¥—É—Ä—É EMFACE? –ü–∏—à–∏—Ç–µ –≤ Direct –∏–ª–∏ –∑–≤–æ–Ω–∏—Ç–µ: 7016
üìç Proud Clinic, –ú–∏–Ω—Å–∫, –ø—Ä-—Ç –ü–æ–±–µ–¥–∏—Ç–µ–ª–µ–π, 135

#ProudClinic #emface #–∫–æ—Å–º–µ—Ç–æ–ª–æ–≥–∏—è #–∞–ø–ø–∞—Ä–∞—Ç–Ω–∞—è–∫–æ—Å–º–µ—Ç–æ–ª–æ–≥–∏—è #emfaceminsk"
proud_clinic,https://www.instagram.com/proud_clinic/,post,Video,2026-01-19T05:25:49+00:00,https://www.instagram.com/p/DTrjFycDJtb/,DTrjFycDJtb,71,2,3948,"–í –∫–∞–∫–æ–º —Å–ª—É—á–∞–µ –≤—Ä–∞—á-–ø–ª–∞—Å—Ç–∏—á–µ—Å–∫–∏–π —Ö–∏—Ä—É—Ä–≥ –î—É–∂–∏–π –ê–ª–µ–∫—Å–µ–π –ò–≤–∞–Ω–æ–≤–∏—á –¥–µ–ª–∞–µ—Ç —Ç—Ä–∞–Ω—Å–∫–æ–Ω—ä–µ–∫—Ç–∏–≤–∞–ª—å–Ω—É—é –±–ª–µ—Ñ–æ—Ä–æ–ø–ª–∞—Å—Ç–∏–∫—É, —Ä–∞—Å—Å–∫–∞–∂–µ—Ç –≤ —ç—Ç–æ–º –≤–∏–¥–µ–æ

üí¨ –•–æ—Ç–∏—Ç–µ –∑–∞–ø–∏—Å–∞—Ç—å—Å—è –Ω–∞ –∫–æ–Ω—Å—É–ª—å—Ç–∞—Ü–∏—é –∫ –≤—Ä–∞—á—É-–ø–ª–∞—Å—Ç–∏—á–µ—Å–∫–æ–º—É —Ö–∏—Ä—É—Ä–≥—É? –ü–∏—à–∏—Ç–µ –≤ Direct –∏–ª–∏ –∑–≤–æ–Ω–∏—Ç–µ: 7016
üìç Proud Clinic, –ú–∏–Ω—Å–∫, –ø—Ä-—Ç –ü–æ–±–µ–¥–∏—Ç–µ–ª–µ–π, 135

#–ú–µ–¥–∏—Ü–∏–Ω—Å–∫–∏–π–¶–µ–Ω—Ç—Ä #ProudClinic #–ø–ª–∞—Å—Ç–∏—á–µ—Å–∫–∞—è—Ö–∏—Ä—É—Ä–≥–∏—è #–±–ª–µ—Ñ–∞—Ä–æ–ø–ª–∞—Å—Ç–∏–∫–∞ #–ø–ª–∞—Å—Ç–∏—á–µ—Å–∫–∏–π—Ö–∏—Ä—É—Ä–≥–º–∏–Ω—Å–∫"
proud_clinic,https://www.instagram.com/proud_clinic/,post,Video,2026-01-16T08:08:48+00:00,https://www.instagram.com/p/DTkHYaEDUL3/,DTkHYaEDUL3,-1,9,4077,"–ö–æ–≥–¥–∞ –ø–∞—Ü–∏–µ–Ω—Ç–∫–∞ –ø—Ä–∏—Ö–æ–¥–∏—Ç –Ω–∞ –∫–æ–Ω—Å—É–ª—å—Ç–∞—Ü–∏—é, –≤—Ä–∞—á-–∫–æ—Å–º–µ—Ç–æ–ª–æ–≥ –ì—É–ª—å–º–∏—Ä–∞, –∫–∞–∫ –Ω–∞—Å—Ç–æ—è—â–∏–π –ø—Ä–æ—Ñ–µ—Å—Å–∏–æ–Ω–∞–ª –∏ —Å—Ç—Ä–∞—Ç–µ–≥, –≤—Å–µ–≥–¥–∞ –Ω–∞–π–¥—ë—Ç —Ä–µ—à–µ–Ω–∏–µ. –î–∞–∂–µ —Å–∞–º–æ–µ‚Ä¶ –Ω–µ—Å—Ç–∞–Ω–¥–∞—Ä—Ç–Ω–æ–µ.

üí¨ –•–æ—Ç–∏—Ç–µ –∑–∞–ø–∏—Å–∞—Ç—å—Å—è –Ω–∞ –∫–æ–Ω—Å—É–ª—å—Ç–∞—Ü–∏—é –∫ –≤—Ä–∞—á—É-–∫–æ—Å–º–µ—Ç–æ–ª–æ–≥—É? –ü–∏—à–∏—Ç–µ –≤ Direct –∏–ª–∏ –∑–≤–æ–Ω–∏—Ç–µ: 7016
üìç Proud Clinic, –ú–∏–Ω—Å–∫, –ø—Ä-—Ç –ü–æ–±–µ–¥–∏—Ç–µ–ª–µ–π, 135

#–ú–µ–¥–∏—Ü–∏–Ω—Å–∫–∏–π–¶–µ–Ω—Ç—Ä #ProudClinic #–∫–æ—Å–º–µ—Ç–æ–ª–æ–≥–∏—è #–∫–æ—Å–º–µ—Ç–æ–ª–æ–≥–º–∏–Ω—Å–∫ #–∞–ø–ø–∞—Ä–∞—Ç–Ω–∞—è–∫–æ—Å–º–µ—Ç–æ–ª–æ–≥–∏—è"
proud_clinic,https://www.instagram.com/proud_clinic/,post,Sidecar,2026-01-15T06:35:09+00:00,https://www.instagram.com/p/DThX7B9jVua/,DThX7B9jVua,28,5,,"–†–∏–Ω–æ–ø–ª–∞—Å—Ç–∏–∫–∞ ‚Äî —ç—Ç–æ –æ–ø–µ—Ä–∞—Ü–∏–∏ –ø–æ –∏–∑–º–µ–Ω–µ–Ω–∏—é —Ñ–æ—Ä–º—ã –Ω–æ—Å–∞. –í —Ä—É–±—Ä–∏–∫–µ ¬´–±—ã–ª–æ / —Å—Ç–∞–ª–æ¬ª —Ä–µ–∑—É–ª—å—Ç–∞—Ç —Ä–∞–±–æ—Ç—ã –≤—Ä–∞—á–∞-–ø–ª–∞—Å—Ç–∏—á–µ—Å–∫–æ–≥–æ —Ö–∏—Ä—É—Ä–≥–∞ –≤—ã—Å—à–µ–∏ÃÜ –∫–≤–∞–ª–∏—Ñ–∏–∫–∞—Ü–∏–æ–Ω–Ω–æ–∏ÃÜ –∫–∞—Ç–µ–≥–æ—Ä–∏–∏ –†–æ–º–∞–Ω–µ–Ω–∫–æ –¢–∞—Ç—å—è–Ω—ã –ê–Ω–∞—Ç–æ–ª—å–µ–≤–Ω—ã —Å–ø—É—Å—Ç—è –≤–æ—Å—Å—Ç–∞–Ω–æ–≤–∏—Ç–µ–ª—å–Ω—ã–π –ø–µ—Ä–∏–æ–¥, –∫–æ–≥–¥–∞ –º–æ–∂–Ω–æ –æ–±—ä–µ–∫—Ç–∏–≤–Ω–æ –æ—Ü–µ–Ω–∏—Ç—å –∏–∑–º–µ–Ω–µ–Ω–∏—è
üí¨ –•–æ—Ç–∏—Ç–µ –∑–∞–ø–∏—Å–∞—Ç—å—Å—è –Ω–∞ –∫–æ–Ω—Å—É–ª—å—Ç–∞—Ü–∏—é –∫ –≤—Ä–∞—á—É-–ø–ª–∞—Å—Ç–∏—á–µ—Å–∫–æ–º—É —Ö–∏—Ä—É—Ä–≥—É? –ü–∏—à–∏—Ç–µ –≤ Direct –∏–ª–∏ –∑–≤–æ–Ω–∏—Ç–µ: 7016
üìç Proud Clinic, –ú–∏–Ω—Å–∫, –ø—Ä-—Ç –ü–æ–±–µ–¥–∏—Ç–µ–ª–µ–π, 135

#ProudClinic #—Ä–∏–Ω–æ–ø–ª–∞—Å—Ç–∏–∫–∞ #–ø–ª–∞—Å—Ç–∏—á–µ—Å–∫–∞—è—Ö–∏—Ä—É—Ä–≥–∏—è #—Å–µ–ø—Ç–æ–ø–ª–∞—Å—Ç–∏–∫–∞ #—Ä–∏–Ω–æ—Å–µ–ø—Ç–æ–ø–ª–∞—Å—Ç–∏–∫–∞"
proud_clinic,https://www.instagram.com/proud_clinic/,post,Video,2026-01-13T06:21:59+00:00,https://www.instagram.com/p/DTcMyH2Dbau/,DTcMyH2Dbau,-1,1,2522,"–ü–∞—Ü–∏–µ–Ω—Ç—ã —á–∞—Å—Ç–æ —Å–ø—Ä–∞—à–∏–≤–∞—é—Ç: –µ—Å—Ç—å –ª–∏ —Ä–∞–∑–Ω–∏—Ü–∞ –º–µ–∂–¥—É —Ä–µ–ª–∞—Ç–æ–∫—Å–æ–º –∏ –¥–∏—Å–ø–æ—Ä—Ç–æ–º ‚Äî –∏ –µ—Å–ª–∏ –¥–∞, —Ç–æ –≤ —á—ë–º –∏–º–µ–Ω–Ω–æ. –ù–∞ –≤–∏–¥–µ–æ ‚Äî –Ω–µ —Ç–æ–ª—å–∫–æ –æ–±—ä—è—Å–Ω–µ–Ω–∏–µ, –Ω–æ –∏ —Å–∞–º –ø—Ä–æ—Ü–µ—Å—Å –ø—Ä–æ—Ü–µ–¥—É—Ä—ã.

üí¨ –•–æ—Ç–∏—Ç–µ –∑–∞–ø–∏—Å–∞—Ç—å—Å—è –Ω–∞ –∫–æ–Ω—Å—É–ª—å—Ç–∞—Ü–∏—é –∫ –≤—Ä–∞—á—É-–∫–æ—Å–º–µ—Ç–æ–ª–æ–≥—É? –ü–∏—à–∏—Ç–µ –≤ Direct –∏–ª–∏ –∑–≤–æ–Ω–∏—Ç–µ: 7016
üìç Proud Clinic, –ú–∏–Ω—Å–∫, –ø—Ä-—Ç –ü–æ–±–µ–¥–∏—Ç–µ–ª–µ–π, 135

#–ú–µ–¥–∏—Ü–∏–Ω—Å–∫–∏–π–¶–µ–Ω—Ç—Ä #–¥–∏—Å–ø–æ—Ä—Ç #—Ä–µ–ª–∞—Ç–æ–∫—Å #–∫–æ—Å–º–µ—Ç–æ–ª–æ–≥ #–∏–Ω—ä–µ–∫—Ü–∏–æ–Ω–Ω–∞—è–∫–æ—Å–º–µ—Ç–æ–ª–æ–≥–∏—è"
proud_clinic,https://www.instagram.com/proud_clinic/,post,Sidecar,2026-01-12T06:41:40+00:00,https://www.instagram.com/p/DTZqSHhDQo4/,DTZqSHhDQo4,24,4,,"–õ–∏—Å—Ç–∞–π—Ç–µ –∫–∞—Ä—É—Å–µ–ª—å, —á—Ç–æ–±—ã —É–∑–Ω–∞—Ç—å, –∫–∞–∫ –ø—Ä–æ–π—Ç–∏ –ø–æ–ª–Ω–æ–µ –æ–±—Å–ª–µ–¥–æ–≤–∞–Ω–∏–µ –æ—Ä–≥–∞–Ω–∏–∑–º–∞ –≤—Å–µ–≥–æ –∑–∞ –¥–≤–∞ –≤–∏–∑–∏—Ç–∞ –∏ –ø–æ–ª—É—á–∏—Ç—å –ø–æ–Ω—è—Ç–Ω—ã–µ —Ä–µ–∫–æ–º–µ–Ω–¥–∞—Ü–∏–∏ –≤—Ä–∞—á–∞.

üí¨ –•–æ—Ç–∏—Ç–µ –∑–∞–ø–∏—Å–∞—Ç—å—Å—è –Ω–∞ –∫–æ–Ω—Å—É–ª—å—Ç–∞—Ü–∏—é —Ç–µ—Ä–∞–ø–µ–≤—Ç–∞ –∏ –£–ó–ò? –ü–∏—à–∏—Ç–µ –≤ Direct –∏–ª–∏ –∑–≤–æ–Ω–∏—Ç–µ: 7016
 üìç Proud Clinic, –ú–∏–Ω—Å–∫, –ø—Ä-—Ç –ü–æ–±–µ–¥–∏—Ç–µ–ª–µ–π, 135

#—á–µ–∫–∞–ø–∑–¥–æ—Ä–æ–≤—å—è #—É–∑–∏–º–∏–Ω—Å–∫ #ProudClinic #–≤—Ä–∞—á—Ç–µ—Ä–∞–ø–µ–≤—Ç #–æ–±—Å–ª–µ–¥–æ–≤–∞–Ω–∏–µ–æ—Ä–≥–∞–Ω–∏–∑–º–∞"
proud_clinic,https://www.instagram.com/proud_clinic/,post,Sidecar,2026-01-08T06:28:01+00:00,https://www.instagram.com/p/DTPVikTjQIL/,DTPVikTjQIL,-1,2,,"–£—Å—Ç–∞–ª–æ—Å—Ç—å, —Å–Ω–∏–∂–µ–Ω–∏–µ –∫–æ–Ω—Ü–µ–Ω—Ç—Ä–∞—Ü–∏–∏, —á–∞—Å—Ç—ã–µ –ø—Ä–æ—Å—Ç—É–¥—ã –∏ –æ—â—É—â–µ–Ω–∏–µ, —á—Ç–æ –æ—Ä–≥–∞–Ω–∏–∑–º —Ä–∞–±–æ—Ç–∞–µ—Ç ¬´–Ω–∞ –º–∏–Ω–∏–º—É–º–µ¬ª ‚Äî —ç—Ç–æ –Ω–µ –Ω–æ—Ä–º–∞, –¥–∞–∂–µ –µ—Å–ª–∏ –≤—ã –ø—Ä–∏–≤—ã–∫–ª–∏ —Ç–∞–∫ –∂–∏—Ç—å.
–õ–∏—Å—Ç–∞–π—Ç–µ –∫–∞—Ä—É—Å–µ–ª—å, —á—Ç–æ–±—ã —Ä–∞–∑–æ–±—Ä–∞—Ç—å—Å—è, —á–µ–º IV-—Ç–µ—Ä–∞–ø–∏—è –æ—Ç–ª–∏—á–∞–µ—Ç—Å—è –æ—Ç –ø—Ä–∏—ë–º–∞ –≤–∏—Ç–∞–º–∏–Ω–æ–≤ –∏ –∫–æ–º—É –æ–Ω–∞ –¥–µ–π—Å—Ç–≤–∏—Ç–µ–ª—å–Ω–æ –º–æ–∂–µ—Ç –±—ã—Ç—å –ø–æ–ª–µ–∑–Ω–∞

üí¨ –•–æ—Ç–∏—Ç–µ –∑–∞–ø–∏—Å–∞—Ç—å—Å—è –Ω–∞ –ø—Ä–æ—Ü–µ–¥—É—Ä—É? –ü–∏—à–∏—Ç–µ –≤ Direct –∏–ª–∏ –∑–≤–æ–Ω–∏—Ç–µ: 7016
üìç Proud Clinic, –ú–∏–Ω—Å–∫, –ø—Ä-—Ç –ü–æ–±–µ–¥–∏—Ç–µ–ª–µ–π, 135

#–ú–µ–¥–∏—Ü–∏–Ω—Å–∫–∏–π–¶–µ–Ω—Ç—Ä #ProudClinic #IV—Ç–µ—Ä–∞–ø–∏—è #–∫–∞–ø–µ–ª—å–Ω–∏—Ü—ã"
proud_clinic,https://www.instagram.com/proud_clinic/,post,Video,2026-01-07T06:51:36+00:00,https://www.instagram.com/p/DTMzRURDfQK/,DTMzRURDfQK,-1,15,6975,"–ö–æ–≥–¥–∞ –ø–∞—Ü–∏–µ–Ω—Ç –≤–æ–∑–≤—Ä–∞—â–∞–µ—Ç—Å—è –Ω–∞ –ø—Ä–æ—Ü–µ–¥—É—Ä—É —Å–Ω–æ–≤–∞ ‚Äî —ç—Ç–æ –ª—É—á—à–∏–π –ø–æ–∫–∞–∑–∞—Ç–µ–ª—å —ç—Ñ—Ñ–µ–∫—Ç–∏–≤–Ω–æ—Å—Ç–∏.
–í —ç—Ç–æ–º –≤–∏–¥–µ–æ –ø–æ—Å—Ç–æ—è–Ω–Ω–∞—è –ø–∞—Ü–∏–µ–Ω—Ç–∫–∞ –¥–µ–ª–∏—Ç—Å—è —Å–≤–æ–∏–º–∏ –æ—â—É—â–µ–Ω–∏—è–º–∏ –æ—Ç EMFACE

üí¨ –•–æ—Ç–∏—Ç–µ –∑–∞–ø–∏—Å–∞—Ç—å—Å—è –Ω–∞ –ø—Ä–æ—Ü–µ–¥—É—Ä—É? –ü–∏—à–∏—Ç–µ –≤ Direct –∏–ª–∏ –∑–≤–æ–Ω–∏—Ç–µ: 7016
üìç Proud Clinic, –ú–∏–Ω—Å–∫, –ø—Ä-—Ç –ü–æ–±–µ–¥–∏—Ç–µ–ª–µ–π, 135
#ProudClinic #emface #–∫–æ—Å–º–µ—Ç–æ–ª–æ–≥–∏—è #–∞–ø–ø–∞—Ä–∞—Ç–Ω–∞—è–∫–æ—Å–º–µ—Ç–æ–ª–æ–≥–∏—è #emfaceminsk"
proud_clinic,https://www.instagram.com/proud_clinic/,post,Video,2026-01-02T06:27:21+00:00,https://www.instagram.com/p/DS_4pZHDIZN/,DS_4pZHDIZN,-1,40,4075,"EMFACE —Ä–∞–±–æ—Ç–∞–µ—Ç –æ–¥–Ω–æ–≤—Ä–µ–º–µ–Ω–Ω–æ —Å –∫–æ–∂–µ–π –∏ –º—ã—à—Ü–∞–º–∏.–°–º–æ—Ç—Ä–∏—Ç–µ reels, —á—Ç–æ–±—ã —É–∑–Ω–∞—Ç—å, –ø–æ—á–µ–º—É –ø—Ä–æ—Ü–µ–¥—É—Ä–∞ EMFACE —Ç–∞–∫ —É–Ω–∏–∫–∞–ª—å–Ω–∞, –∏ –¥–ª—è —á–µ–≥–æ –æ–Ω–∞ –Ω—É–∂–Ω–∞ –∏–º–µ–Ω–Ω–æ –≤–∞–º.

üí¨ –•–æ—Ç–∏—Ç–µ –∑–∞–ø–∏—Å–∞—Ç—å—Å—è –Ω–∞ –ø—Ä–æ—Ü–µ–¥—É—Ä—É? –ü–∏—à–∏—Ç–µ –≤ Direct –∏–ª–∏ –∑–≤–æ–Ω–∏—Ç–µ: 7016
üìç Proud Clinic, –ú–∏–Ω—Å–∫, –ø—Ä-—Ç –ü–æ–±–µ–¥–∏—Ç–µ–ª–µ–π, 135

#ProudClinic #emface #–∫–æ—Å–º–µ—Ç–æ–ª–æ–≥–∏—è #–∞–ø–ø–∞—Ä–∞—Ç–Ω–∞—è–∫–æ—Å–º–µ—Ç–æ–ª–æ–≥–∏—è #emfaceminsk"
sante.by,https://www.instagram.com/sante.by/,post,Image,2026-01-21T07:43:11+00:00,https://www.instagram.com/p/DTw8buMiIcL/,DTw8buMiIcL,-1,0,,"üëáüèª–ì–ª–∞–≤–Ω—ã–π –ß–ï–ö-–õ–ò–°–¢ –º–∞–º—ã: 

–ü–µ—Ä–≤—ã–µ 12 –º–µ—Å—è—Ü–µ–≤ –∂–∏–∑–Ω–∏ —Ä–µ–±–µ–Ω–∫–∞ ‚Äî —Å–∞–º—ã–π –æ—Ç–≤–µ—Ç—Å—Ç–≤–µ–Ω–Ω—ã–π –ø–µ—Ä–∏–æ–¥. –¢–∞–∫ —Ö–æ—á–µ—Ç—Å—è –±—ã—Ç—å —É–≤–µ—Ä–µ–Ω–Ω–æ–π, —á—Ç–æ –º–∞–ª—ã—à —Ä–∞–∑–≤–∏–≤–∞–µ—Ç—Å—è –ø—Ä–∞–≤–∏–ª—å–Ω–æ! üîç 

–û–¥–∏–Ω –≤–∏–∑–∏—Ç ‚Äî —Ç—Ä–∏ –∫–ª—é—á–µ–≤—ã—Ö –∏—Å—Å–ª–µ–¥–æ–≤–∞–Ω–∏—è:

‚úÖ –ù–µ–π—Ä–æ—Å–æ–Ω–æ–≥—Ä–∞—Ñ–∏—è (–£–ó–ò –≥–æ–ª–æ–≤–Ω–æ–≥–æ –º–æ–∑–≥–∞): –û—Ü–µ–Ω–∏–≤–∞–µ–º —Å—Ç—Ä—É–∫—Ç—É—Ä—ã –º–æ–∑–≥–∞, –∂–µ–ª—É–¥–æ—á–∫–∏, –∏—Å–∫–ª—é—á–∞–µ–º –ø–æ—Å–ª–µ–¥—Å—Ç–≤–∏—è –≥–∏–ø–æ–∫—Å–∏–∏. 
‚úÖ –£–ó–ò —Ç–∞–∑–æ–±–µ–¥—Ä–µ–Ω–Ω—ã—Ö —Å—É—Å—Ç–∞–≤–æ–≤:
–î–∏–∞–≥–Ω–æ—Å—Ç–∏—Ä—É–µ–º –¥–∏—Å–ø–ª–∞–∑–∏—é, –≤—ã–≤–∏—Ö, –ø–æ–¥–≤—ã–≤–∏—Ö ‚Äî —Å–æ—Å—Ç–æ—è–Ω–∏—è, –∫–æ—Ç–æ—Ä—ã–µ –≤–∞–∂–Ω–æ –≤—ã—è–≤–∏—Ç—å –∫–∞–∫ –º–æ–∂–Ω–æ —Ä–∞–Ω—å—à–µ.
‚úÖ –£–ó–ò –≤–Ω—É—Ç—Ä–µ–Ω–Ω–∏—Ö –æ—Ä–≥–∞–Ω–æ–≤ (–±—Ä—é—à–Ω–∞—è –ø–æ–ª–æ—Å—Ç—å + –ø–æ—á–∫–∏): –ü—Ä–æ–≤–µ—Ä—è–µ–º —Å–µ—Ä–¥—Ü–µ, –ø–µ—á–µ–Ω—å, —Å–µ–ª–µ–∑–µ–Ω–∫—É, –ø–æ–¥–∂–µ–ª—É–¥–æ—á–Ω—É—é –∂–µ–ª–µ–∑—É, –ø–æ—á–∫–∏ –Ω–∞ –Ω–∞–ª–∏—á–∏–µ –≤—Ä–æ–∂–¥–µ–Ω–Ω—ã—Ö –æ—Å–æ–±–µ–Ω–Ω–æ—Å—Ç–µ–π.

ü•º–í –Ω–∞—à–µ–º –º–µ–¥–∏—Ü–∏–Ω—Å–∫–æ–º —Ü–µ–Ω—Ç—Ä–µ –æ–±—Å–ª–µ–¥–æ–≤–∞–Ω–∏–µ –º–∞–ª—ã—à–∞–º –ø—Ä–æ–≤–æ–¥–∏—Ç –≤—Ä–∞—á –£–ó–ò –¶–≤–µ—Ç–∫–æ–≤–∞ –°–≤–µ—Ç–ª–∞–Ω–∞ –í–ª–∞–¥–∏–º–∏—Ä–æ–≤–Ω–∞ ‚Äî —Å–ø–µ—Ü–∏–∞–ª–∏—Å—Ç —Å –±–µ—Ä–µ–∂–Ω—ã–º –ø–æ–¥—Ö–æ–¥–æ–º –∏ –±–æ–ª—å—à–∏–º –æ–ø—ã—Ç–æ–º —Ä–∞–±–æ—Ç—ã —Å –º–ª–∞–¥–µ–Ω—Ü–∞–º–∏.

‚ùì–ü–æ—á–µ–º—É –£–ó–ò ‚Äî —ç—Ç–æ –±–µ–∑–æ–ø–∞—Å–Ω–æ?

–í –º–µ—Ç–æ–¥–µ –Ω–µ –∏—Å–ø–æ–ª—å–∑—É–µ—Ç—Å—è –∏–∑–ª—É—á–µ–Ω–∏–µ, —Ç–æ–ª—å–∫–æ —É–ª—å—Ç—Ä–∞–∑–≤—É–∫–æ–≤—ã–µ –≤–æ–ª–Ω—ã. –≠—Ç–æ –±–µ–∑–±–æ–ª–µ–∑–Ω–µ–Ω–Ω–æ, –Ω–µ–∏–Ω–≤–∞–∑–∏–≤–Ω–æ –∏ –∫–æ–º—Ñ–æ—Ä—Ç–Ω–æ –¥–ª—è —Ä–µ–±–µ–Ω–∫–∞. –ú–æ–∂–Ω–æ –¥–µ–ª–∞—Ç—å –¥–∞–∂–µ –≤–æ –≤—Ä–µ–º—è —Å–Ω–∞!

üì≤ –ó–∞–ø–∏—à–∏—Ç–µ –≤–∞—à–µ–≥–æ –º–∞–ª—ã—à–∞ –Ω–∞ –£–ó–ò-–¥–∏–∞–≥–Ω–æ—Å—Ç–∏–∫—É –ø–æ —Ç–µ–ª–µ—Ñ–æ–Ω—É 342 82 82 –∏–ª–∏ —á–µ—Ä–µ–∑ Direct."
sante.by,https://www.instagram.com/sante.by/,post,Image,2026-01-16T08:19:58+00:00,https://www.instagram.com/p/DTkIjeniHpK/,DTkIjeniHpK,-1,0,,"–î–µ—Ä–º–∞—Ç–æ—Å–∫–æ–ø–∏—è: –≤–∞—à–∞ –∫–æ–∂–∞ –ø–æ–¥ –º–∏–∫—Ä–æ—Å–∫–æ–ø–æ–ºüîç

–ó–Ω–∞–µ—Ç–µ –ª–∏ –≤—ã, —á—Ç–æ –º–Ω–æ–≥–∏–µ –ø—Ä–æ–±–ª–µ–º—ã —Å –∫–æ–∂–µ–π –º–æ–∂–Ω–æ ¬´–ø–æ–π–º–∞—Ç—å¬ª –Ω–∞ —Å–∞–º–æ–π —Ä–∞–Ω–Ω–µ–π —Å—Ç–∞–¥–∏–∏, –∫–æ–≥–¥–∞ –∏—Ö –Ω–µ –≤–∏–¥–Ω–æ –Ω–µ–≤–æ–æ—Ä—É–∂–µ–Ω–Ω—ã–º –≥–ª–∞–∑–æ–º?

–î–µ—Ä–º–∞—Ç–æ—Å–∫–æ–ø–∏—è ‚Äî —ç—Ç–æ –±—ã—Å—Ç—Ä—ã–π, –±–µ–∑–±–æ–ª–µ–∑–Ω–µ–Ω–Ω—ã–π –∏ —Ç–æ—á–Ω—ã–π –º–µ—Ç–æ–¥ –¥–∏–∞–≥–Ω–æ—Å—Ç–∏–∫–∏ –Ω–æ–≤–æ–æ–±—Ä–∞–∑–æ–≤–∞–Ω–∏–π –∫–æ–∂–∏ (—Ä–æ–¥–∏–Ω–æ–∫, –ø–∞–ø–∏–ª–ª–æ–º, –∫–µ—Ä–∞—Ç–æ–º –∏ –¥—Ä.).

–°–ø–µ—Ü–∏–∞–ª—å–Ω—ã–π –ø—Ä–∏–±–æ—Ä ‚Äî –¥–µ—Ä–º–∞—Ç–æ—Å–∫–æ–ø ‚Äî —É–≤–µ–ª–∏—á–∏–≤–∞–µ—Ç –∏–∑–æ–±—Ä–∞–∂–µ–Ω–∏–µ –≤ –¥–µ—Å—è—Ç–∫–∏ —Ä–∞–∑ –∏ ¬´–ø—Ä–æ—Å–≤–µ—á–∏–≤–∞–µ—Ç¬ª –≤–µ—Ä—Ö–Ω–∏–µ —Å–ª–æ–∏ –∫–æ–∂–∏.

‚ùì–ó–∞—á–µ–º —ç—Ç–æ –Ω—É–∂–Ω–æ? 

‚úîÔ∏è–ì–ª–∞–≤–Ω—ã–µ –ø—Ä–µ–∏–º—É—â–µ—Å—Ç–≤–∞

‚Ä¢ –†–∞–Ω–Ω—è—è –¥–∏–∞–≥–Ω–æ—Å—Ç–∏–∫–∞ –º–µ–ª–∞–Ω–æ–º—ã –∏ –¥—Ä—É–≥–∏—Ö –≤–∏–¥–æ–≤ —Ä–∞–∫–∞ –∫–æ–∂–∏. –≠—Ç–æ –≥–ª–∞–≤–Ω–∞—è —Ü–µ–ª—å. –î–µ—Ä–º–∞—Ç–æ—Å–∫–æ–ø–∏—è –ø–æ–∑–≤–æ–ª—è–µ—Ç –æ–±–Ω–∞—Ä—É–∂–∏—Ç—å –∑–ª–æ–∫–∞—á–µ—Å—Ç–≤–µ–Ω–Ω—ã–µ –∏–∑–º–µ–Ω–µ–Ω–∏—è –Ω–∞ —Å–∞–º–æ–π —Ä–∞–Ω–Ω–µ–π —Å—Ç–∞–¥–∏–∏.
‚Ä¢ –°–Ω–∏–∂–µ–Ω–∏–µ –∫–æ–ª–∏—á–µ—Å—Ç–≤–∞ –Ω–µ–Ω—É–∂–Ω—ã—Ö —É–¥–∞–ª–µ–Ω–∏–π. –¢–µ–ø–µ—Ä—å –≤—Ä–∞—á –º–æ–∂–µ—Ç —Å –≤—ã—Å–æ–∫–æ–π —É–≤–µ—Ä–µ–Ω–Ω–æ—Å—Ç—å—é —Å–∫–∞–∑–∞—Ç—å: ¬´–≠—Ç–∞ ‚Äî –±–µ–∑–æ–ø–∞—Å–Ω–∞—è, –ø—Ä–æ—Å—Ç–æ –Ω–∞–±–ª—é–¥–∞–µ–º. –ê –≤–æ—Ç —ç—Ç—É –Ω—É–∂–Ω–æ —É–±—Ä–∞—Ç—å¬ª.
‚Ä¢ –ö–æ–Ω—Ç—Ä–æ–ª—å –≤ –¥–∏–Ω–∞–º–∏–∫–µ ‚Äî ¬´—Ñ–æ—Ç–æ–º–æ–Ω–∏—Ç–æ—Ä–∏–Ω–≥¬ª.

–ü–æ—á–µ–º—É —Å—Ç–æ–∏—Ç —Å–¥–µ–ª–∞—Ç—å –¥–µ—Ä–º–∞—Ç–æ—Å–∫–æ–ø–∏—é —É –Ω–∞—Å?

‚úÖ –í—ã—Å–æ–∫–æ—Ç–æ—á–Ω–æ–µ –æ–±–æ—Ä—É–¥–æ–≤–∞–Ω–∏–µ ‚Äî –∏—Å–ø–æ–ª—å–∑—É–µ–º —Ü–∏—Ñ—Ä–æ–≤–æ–π –¥–µ—Ä–º–∞—Ç–æ—Å–∫–æ–ø —Å –º–Ω–æ–≥–æ–∫—Ä–∞—Ç–Ω—ã–º —É–≤–µ–ª–∏—á–µ–Ω–∏–µ–º –∏ —Ñ–æ—Ç–æ—Ñ–∏–∫—Å–∞—Ü–∏–µ–π.
‚úÖ –û–ø—ã—Ç–Ω—ã–µ –≤—Ä–∞—á–∏
‚úÖ –ó–∞–±–æ—Ç–∞ –∏ –≤–Ω–∏–º–∞–Ω–∏–µ ‚Äî –ø–æ–¥—Ä–æ–±–Ω–æ –æ—Ç–≤–µ—Ç–∏–º –Ω–∞ –≤—Å–µ –≤–æ–ø—Ä–æ—Å—ã, –æ–±—ä—è—Å–Ω–∏–º, —á—Ç–æ –º—ã –≤–∏–¥–∏–º –∏ —á—Ç–æ –¥–µ–ª–∞—Ç—å –¥–∞–ª—å—à–µ.

–ó–∞–ø–∏—Å–∞—Ç—å—Å—è –Ω–∞ –∫–æ–Ω—Å—É–ª—å—Ç–∞—Ü–∏—é –∫ –¥–µ—Ä–º–∞—Ç–æ–ª–æ–≥—É –∏ —Ö–∏—Ä—É—Ä–≥—É-–æ–Ω–∫–æ–ª–æ–≥—É —Å –¥–µ—Ä–º–∞—Ç–æ—Å–∫–æ–ø–∏–µ–π –º–æ–∂–Ω–æ:

üì© —á–µ—Ä–µ–∑ Direct 
‚òéÔ∏è –ü–æ —Ç–µ–ª–µ—Ñ–æ–Ω—É –∫–ª–∏–Ω–∏–∫–∏ 342 82 82."
sante.by,https://www.instagram.com/sante.by/,post,Video,2026-01-08T08:08:40+00:00,https://www.instagram.com/p/DTPg6mFCCBK/,DTPg6mFCCBK,-1,2,1954,"ü¶∑–£–¥–∞–ª–µ–Ω–∏–µ –∫–æ—Ä–Ω—è –∑—É–±–∞ –∏–∑ –ø–∞–∑—É—Ö–∏ –Ω–æ—Å–∞: –∫–æ–≥–¥–∞ —Å—Ç–æ–º–∞—Ç–æ–ª–æ–≥–∏—è –≤—Å—Ç—Ä–µ—á–∞–µ—Ç—Å—è —Å –õ–û–†-—Ö–∏—Ä—É—Ä–≥–∏–µ–π

–ö–æ—Ä–Ω–∏ –≤–µ—Ä—Ö–Ω–∏—Ö –∂–µ–≤–∞—Ç–µ–ª—å–Ω—ã—Ö –∑—É–±–æ–≤ –∏ –ø—Ä–µ–º–æ–ª—è—Ä–æ–≤ –æ—Ç–¥–µ–ª–µ–Ω—ã –æ—Ç –≤–µ—Ä—Ö–Ω–µ—á–µ–ª—é—Å—Ç–Ω–æ–π –ø–∞–∑—É—Ö–∏ –≤—Å–µ–≥–æ —Ç–æ–Ω–∫–æ–π –∫–æ—Å—Ç–Ω–æ–π –ø–ª–∞—Å—Ç–∏–Ω–∫–æ–π.

–ü—Ä–∏ –æ—Å–ª–æ–∂–Ω–µ–Ω–Ω–æ–º —É–¥–∞–ª–µ–Ω–∏–∏ –∑—É–±–∞ —Ñ—Ä–∞–≥–º–µ–Ω—Ç –∫–æ—Ä–Ω—è –º–æ–∂–µ—Ç —Å–º–µ—Å—Ç–∏—Ç—å—Å—è –ø—Ä—è–º–æ –≤ –ø–∞–∑—É—Ö—É. –≠—Ç–æ –Ω–µ –ø—Ä–æ—Å—Ç–æ ¬´–Ω–µ–ø—Ä–∏—è—Ç–Ω–æ—Å—Ç—å¬ª, –∞ —Å–æ—Å—Ç–æ—è–Ω–∏–µ, —Ç—Ä–µ–±—É—é—â–µ–µ —Ö–∏—Ä—É—Ä–≥–∏—á–µ—Å–∫–æ–≥–æ –≤–º–µ—à–∞—Ç–µ–ª—å—Å—Ç–≤–∞.

‚ö†Ô∏è–°–∏–≥–Ω–∞–ª—ã –ø—Ä–æ–±–ª–µ–º—ã:

‚Ä¢ –ü–æ—Å—Ç–æ—è–Ω–Ω—ã–µ –∏–ª–∏ –ø–æ–≤—Ç–æ—Ä—è—é—â–∏–µ—Å—è –≤–æ—Å–ø–∞–ª–µ–Ω–∏—è –≤ –ø–∞–∑—É—Ö–µ —Å –≥–Ω–æ–π–Ω—ã–º–∏ –≤—ã–¥–µ–ª–µ–Ω–∏—è–º–∏ 
‚Ä¢ –ó–∞–ª–æ–∂–µ–Ω–Ω–æ—Å—Ç—å –Ω–æ—Å–∞ —Å –æ–¥–Ω–æ–π —Å—Ç–æ—Ä–æ–Ω—ã
‚Ä¢ –ù–µ–ø—Ä–∏—è—Ç–Ω—ã–µ –æ—â—É—â–µ–Ω–∏—è –∏–ª–∏ —Ç—è–∂–µ—Å—Ç—å –≤ –æ–±–ª–∞—Å—Ç–∏ –≤–µ—Ä—Ö–Ω–µ–π —á–µ–ª—é—Å—Ç–∏

ü§î–ö–∞–∫ —Ä–µ—à–∏—Ç—å –ø—Ä–æ–±–ª–µ–º—É?

–ö–ª–∞—Å—Å–∏—á–µ—Å–∫–∏–π –¥–æ—Å—Ç—É–ø ¬´—á–µ—Ä–µ–∑ –¥–µ—Å–Ω—É¬ª (—Å–æ —Å—Ç–æ—Ä–æ–Ω—ã —Ä—Ç–∞) —Ç—Ä–∞–≤–º–∞—Ç–∏—á–µ–Ω –∏ —Ç—Ä–µ–±—É–µ—Ç –¥–ª–∏—Ç–µ–ª—å–Ω–æ–≥–æ –≤–æ—Å—Å—Ç–∞–Ω–æ–≤–ª–µ–Ω–∏—è.
–°–æ–≤—Ä–µ–º–µ–Ω–Ω—ã–π –∑–æ–ª–æ—Ç–æ–π —Å—Ç–∞–Ω–¥–∞—Ä—Ç ‚Äî —ç–Ω–¥–æ—Å–∫–æ–ø–∏—á–µ—Å–∫–∞—è –õ–û–†-–æ–ø–µ—Ä–∞—Ü–∏—è.

–ö–∞–∫ —ç—Ç–æ –ø—Ä–æ—Ö–æ–¥–∏—Ç —É –Ω–∞—Å:

‚úÖ –¢–æ—á–Ω–∞—è –¥–∏–∞–≥–Ω–æ—Å—Ç–∏–∫–∞: –¥–µ–ª–∞–µ–º –ö–õ–ö–¢, —á—Ç–æ–±—ã —É–≤–∏–¥–µ—Ç—å –∫–æ—Ä–µ–Ω—å, –µ–≥–æ –ø–æ–ª–æ–∂–µ–Ω–∏–µ –∏ —Å–ø–ª–∞–Ω–∏—Ä–æ–≤–∞—Ç—å —Ö–æ–¥ –æ–ø–µ—Ä–∞—Ü–∏–∏.

‚úÖ –ú–∏–Ω–∏–º—É–º –≤–º–µ—à–∞—Ç–µ–ª—å—Å—Ç–≤–∞: —Å –ø–æ–º–æ—â—å—é —Ç–æ–Ω–∫–æ–≥–æ —ç–Ω–¥–æ—Å–∫–æ–ø–∞ –õ–û–† —á–µ—Ä–µ–∑ –µ—Å—Ç–µ—Å—Ç–≤–µ–Ω–Ω–æ–µ –æ—Ç–≤–µ—Ä—Å—Ç–∏–µ –Ω–æ—Å–∞ –∏–ª–∏ –º–∏–Ω–∏–º–∞–ª—å–Ω—ã–π –¥–æ—Å—Ç—É–ø –ø–æ–¥ –≥—É–±–æ–π –Ω–∞—Ö–æ–¥–∏—Ç –∏ –∞–∫–∫—É—Ä–∞—Ç–Ω–æ –∏–∑–≤–ª–µ–∫–∞–µ—Ç –∫–æ—Ä–µ–Ω—å.

‚úÖ –†–µ—à–∞–µ–º –ø—Ä–æ–±–ª–µ–º—É —Ü–µ–ª–∏–∫–æ–º: –æ–¥–Ω–æ–≤—Ä–µ–º–µ–Ω–Ω–æ —Å–∞–Ω–∏—Ä—É–µ–º —Å–∞–º—É –ø–∞–∑—É—Ö—É –æ—Ç –≥–Ω–æ—è, —É–±–∏—Ä–∞–µ–º –ø–∞—Ç–æ–ª–æ–≥–∏—á–µ—Å–∫–∏–µ —Ç–∫–∞–Ω–∏. –≠—Ç–æ —Ä–µ–∑–∫–æ —Å–Ω–∏–∂–∞–µ—Ç –≤–µ—Ä–æ—è—Ç–Ω–æ—Å—Ç—å —Ä–µ—Ü–∏–¥–∏–≤–∞ —Å–∏–Ω—É—Å–∏—Ç–∞.

‚úÖ –ë—ã—Å—Ç—Ä–æ–µ –≤–æ—Å—Å—Ç–∞–Ω–æ–≤–ª–µ–Ω–∏–µ: –ø—Ä–æ—Ü–µ–¥—É—Ä–∞ –∫–æ–º—Ñ–æ—Ä—Ç–Ω–∞ –¥–ª—è –ø–∞—Ü–∏–µ–Ω—Ç–∞ (–ø–æ–¥ –æ–±—â–µ–π –∞–Ω–µ—Å—Ç–µ–∑–∏–µ–π), –±–µ–∑ —Ç–∞–º–ø–æ–Ω–∞–¥—ã –Ω–æ—Å–∞. –ü—Ä–æ–≤–æ–¥–∏—Ç—Å—è –∞–º–±—É–ª–∞—Ç–æ—Ä–Ω–æ. –ë–æ–ª—å—à–∏–Ω—Å—Ç–≤–æ –ø–∞—Ü–∏–µ–Ω—Ç–æ–≤ –Ω–µ —Ç–µ—Ä—è—é—Ç —Ç—Ä—É–¥–æ—Å–ø–æ—Å–æ–±–Ω–æ—Å—Ç—å.

üìù –ó–∞–ø–∏—à–∏—Ç–µ—Å—å –Ω–∞ –∫–æ–Ω—Å—É–ª—å—Ç–∞—Ü–∏—é –∫ –Ω–∞—à–∏–º —Å–ø–µ—Ü–∏–∞–ª–∏—Å—Ç–∞–º, —á—Ç–æ–±—ã —É–∑–Ω–∞—Ç—å –±–æ–ª—å—à–µ.
_______________________
–ó–∞–ø–∏—Å–∞—Ç—å—Å—è –Ω–∞ –ø—Ä–∏–µ–º:

‚òéÔ∏è+375293428282
‚òéÔ∏è+375333428282
üì©Direct"
sante.by,https://www.instagram.com/sante.by/,post,Image,2026-01-07T07:08:11+00:00,https://www.instagram.com/p/DTM1V-ZiFt6/,DTM1V-ZiFt6,-1,4,,"ü•≥ –ü–æ–∑–¥—Ä–∞–≤–ª—è–µ–º —Å –î–Ω—ë–º –†–æ–∂–¥–µ–Ω–∏—è –∑–∞–º–µ—á–∞—Ç–µ–ª—å–Ω–æ–≥–æ —Å–ø–µ—Ü–∏–∞–ª–∏—Å—Ç–∞, –≤—Ä–∞—á–∞-–ø—Ä–æ–∫—Ç–æ–ª–æ–≥–∞, –ø—Ä–æ—Ñ–µ—Å—Å–æ—Ä–∞ ‚Äî –®–∞—Ö—Ä–∞—è –°–µ—Ä–≥–µ—è –í–ª–∞–¥–∏–º–∏—Ä–æ–≤–∏—á–∞! @dr.shahrai_sergei 

–ñ–µ–ª–∞–µ–º, —á—Ç–æ–±—ã –≤–¥–æ—Ö–Ω–æ–≤–µ–Ω–∏–µ –Ω–µ –∏—Å—Å—è–∫–∞–ª–æ, –∞ —ç–Ω–µ—Ä–≥–∏—è –±–∏–ª–∞ —á–µ—Ä–µ–∑ –∫—Ä–∞–π! –ü—É—Å—Ç—å –≤ –≤–∞—à–µ–π –∂–∏–∑–Ω–∏ –±—É–¥–µ—Ç –±–æ–ª—å—à–µ —Ä–∞–¥–æ—Å—Ç–Ω—ã—Ö –º–æ–º–µ–Ω—Ç–æ–≤, —É—é—Ç–Ω–æ–≥–æ —Å–µ–º–µ–π–Ω–æ–≥–æ —Ç–µ–ø–ª–∞ –∏ –∑–∞—Å–ª—É–∂–µ–Ω–Ω–æ–≥–æ –æ—Ç–¥—ã—Ö–∞. –ö—Ä–µ–ø–∫–æ–≥–æ –∑–¥–æ—Ä–æ–≤—å—è, —Å–∏–ª –∏ –ø—Ä–æ—Ü–≤–µ—Ç–∞–Ω–∏—è!üí´

–° —É–≤–∞–∂–µ–Ω–∏–µ–º, –∫–æ–ª–ª–µ–∫—Ç–∏–≤ –∫–ª–∏–Ω–∏–∫–∏ ¬´Sante¬ªüíô"
